{
  "market_segments": {
    "Dental Practices": {
      "description": "General dentists and orthodontists - main users of IOS for daily patient treatment",
      "market_penetration": "Only ~8-10% of German practices currently equipped with IOS",
      "needs": [
        "Higher efficiency",
        "Precision",
        "Patient comfort"
      ],
      "current_support": "Intensive marketing, training, financing models, Key Opinion Leaders",
      "growth_potential": "High - major growth market",
      "examples": [
        "General practices",
        "Orthodontic practices",
        "Private clinics"
      ]
    },
    "Dental Laboratories": {
      "description": "Dual role - receive IOS data from practices and can act as multipliers",
      "market_penetration": "Growing adoption, encouraging partner practices",
      "needs": [
        "Data integration",
        "Workflow efficiency",
        "Communication tools"
      ],
      "current_support": "Indirect support via software interfaces, laboratory roadshows",
      "growth_potential": "Medium-High",
      "examples": [
        "Lexmann Dresden",
        "Independent labs",
        "Chain laboratories"
      ]
    },
    "Universities & Research": {
      "description": "Dental faculties and technical research institutes - crucial for education and innovation",
      "market_penetration": "High integration in teaching and research",
      "needs": [
        "Educational tools",
        "Research capabilities",
        "Student training"
      ],
      "current_support": "Academic programs, equipment donations, research partnerships",
      "growth_potential": "Stable",
      "examples": [
        "University of Giessen",
        "Dresden University Hospital",
        "ETH Zurich"
      ]
    },
    "OEMs & Technology Companies": {
      "description": "Large traditional firms and specialized manufacturers producing IOS",
      "market_penetration": "Established players dominating market",
      "needs": [
        "Innovation",
        "Market expansion",
        "Partner networks"
      ],
      "current_support": "Direct sales, product innovation, training academies",
      "growth_potential": "Mature market",
      "examples": [
        "Align Technology",
        "3Shape",
        "Dentsply Sirona",
        "Envista/Dexis"
      ]
    },
    "Startups & Tech Enthusiasts": {
      "description": "Specialized solutions and technology enthusiasts driving innovation",
      "market_penetration": "Small but influential",
      "needs": [
        "Development resources",
        "Market access",
        "Community support"
      ],
      "current_support": "Open interfaces, SDKs, community programs",
      "growth_potential": "High",
      "examples": [
        "DentalTwin",
        "Pearl",
        "Tech communities",
        "Maker groups"
      ]
    },
    "Distributors & Resellers": {
      "description": "Sales channels connecting manufacturers with end users",
      "market_penetration": "Well-established networks",
      "needs": [
        "Product training",
        "Marketing support",
        "Technical expertise"
      ],
      "current_support": "Partner programs, training, marketing materials",
      "growth_potential": "Stable",
      "examples": [
        "Henry Schein",
        "orangedental",
        "Pluradent",
        "Dental Bauer"
      ]
    }
  },
  "distribution_channels": {
    "Direct Sales": {
      "description": "Manufacturer direct to customer",
      "segments_reached": [
        "Large practices",
        "Clinics",
        "Key accounts"
      ],
      "providers": [
        "Align Technology",
        "Dentsply Sirona"
      ],
      "advantages": [
        "Direct relationship",
        "Higher margins",
        "Control"
      ],
      "challenges": [
        "High costs",
        "Limited reach"
      ]
    },
    "Authorized Distributors": {
      "description": "Through dental equipment distributors",
      "segments_reached": [
        "General practices",
        "Small/medium labs"
      ],
      "providers": [
        "3Shape",
        "Medit",
        "Most manufacturers"
      ],
      "advantages": [
        "Wide reach",
        "Local support",
        "Established networks"
      ],
      "challenges": [
        "Margin pressure",
        "Dependency"
      ]
    },
    "Online Platforms": {
      "description": "Direct online sales and e-commerce",
      "segments_reached": [
        "Price-sensitive customers",
        "Tech-savvy users"
      ],
      "providers": [
        "Emerging trend",
        "Bedent (Switzerland)"
      ],
      "advantages": [
        "Lower costs",
        "Direct access",
        "Convenience"
      ],
      "challenges": [
        "Limited personal support",
        "Trust issues"
      ]
    },
    "Academic Channels": {
      "description": "Through universities and educational institutions",
      "segments_reached": [
        "Students",
        "Researchers",
        "Academic institutions"
      ],
      "providers": [
        "Most major manufacturers"
      ],
      "advantages": [
        "Future market development",
        "Research partnerships"
      ],
      "challenges": [
        "Lower volumes",
        "Educational pricing"
      ]
    },
    "Trade Shows & Conferences": {
      "description": "Industry events and professional meetings",
      "segments_reached": [
        "All segments",
        "International markets"
      ],
      "providers": [
        "All manufacturers"
      ],
      "advantages": [
        "Direct interaction",
        "Product demonstrations"
      ],
      "challenges": [
        "High costs",
        "Limited frequency"
      ]
    }
  },
  "industry_players": {
    "Major OEMs": {
      "Align Technology": {
        "country": "USA",
        "products": [
          "iTero Scanner"
        ],
        "market_position": "Global market leader 2023",
        "strengths": [
          "Market leadership",
          "Integration with Invisalign",
          "Strong support"
        ],
        "partnership_potential": "Low - established competitor",
        "european_presence": "New facility in Poland for EMEA"
      },
      "3Shape": {
        "country": "Denmark",
        "products": [
          "Trios Scanner",
          "3Shape Unite Platform"
        ],
        "market_position": "Pioneer of open IOS systems",
        "strengths": [
          "Open ecosystem",
          "Broad partner platform",
          "Innovation"
        ],
        "partnership_potential": "Medium - open platform approach",
        "european_presence": "Strong DACH market presence"
      },
      "Dentsply Sirona": {
        "country": "USA/Germany",
        "products": [
          "CEREC Primescan"
        ],
        "market_position": "Largest dental company globally",
        "strengths": [
          "Comprehensive portfolio",
          "Historical German roots"
        ],
        "partnership_potential": "Low-Medium - traditionally closed system",
        "european_presence": "Strong presence, Bensheim location"
      },
      "Envista/Dexis": {
        "country": "USA",
        "products": [
          "Dexis IOS",
          "DTX Studio"
        ],
        "market_position": "Major player with KaVo heritage",
        "strengths": [
          "Comprehensive imaging solutions",
          "Software platform"
        ],
        "partnership_potential": "Medium - potential for modular integration",
        "european_presence": "Bensheim presence via KaVo history"
      }
    },
    "Strategic Partners": {
      "Acteon Group": {
        "country": "France",
        "type": "Potential Hardware Partner",
        "strengths": [
          "Imaging expertise",
          "No current IOS offering",
          "European presence"
        ],
        "partnership_potential": "High - could integrate open scanner technology",
        "cooperation_format": "F&E Partner for hardware development"
      },
      "orangedental": {
        "country": "Germany",
        "type": "Distribution Partner",
        "strengths": [
          "Digital dentistry expertise",
          "Local market knowledge",
          "Henry Schein connection"
        ],
        "partnership_potential": "High - experienced in product localization",
        "cooperation_format": "Value-added distributor for DACH region"
      },
      "DentalTwin": {
        "country": "Germany",
        "type": "Software/AI Partner",
        "strengths": [
          "AI-based prosthetic planning",
          "German startup",
          "Cloud solutions"
        ],
        "partnership_potential": "High - complementary technology",
        "cooperation_format": "API integration for AI-powered workflows"
      },
      "Pearl Inc": {
        "country": "USA",
        "type": "AI Technology Partner",
        "strengths": [
          "First FDA-cleared dental AI for 2D/3D",
          "Global partnerships"
        ],
        "partnership_potential": "High - advanced AI capabilities",
        "cooperation_format": "KI-Partner for scan analysis and diagnostics"
      },
      "Dentallabor Lexmann": {
        "country": "Germany",
        "type": "Pilot User & Multiplier",
        "strengths": [
          "Innovation-focused",
          "Active in digital promotion",
          "Practice partnerships"
        ],
        "partnership_potential": "High - ideal beta testing partner",
        "cooperation_format": "Pilot implementation and feedback provider"
      }
    },
    "Startups & Emerging": {
      "Medit": {
        "country": "South Korea",
        "products": [
          "Affordable IOS solutions",
          "Free software suite"
        ],
        "strengths": [
          "Cost-effective",
          "Active community",
          "Open formats"
        ],
        "partnership_potential": "Medium - similar target market"
      },
      "Various EU Startups": {
        "examples": [
          "Kapanu (CH)",
          "Green Digital (DE)",
          "Angle Labs (AT)"
        ],
        "focus": [
          "AR visualization",
          "KI for orthodontics",
          "Aligner software"
        ],
        "partnership_potential": "High - startup ecosystem integration"
      }
    }
  },
  "academic_landscape": {
    "Universities & Research Institutes": {
      "University of Giessen": {
        "country": "Germany",
        "contact": "Prof. Bernd Wöstmann (Prosthetics)",
        "focus": [
          "Digital impression studies",
          "IOS research"
        ],
        "collaboration_potential": "High - validation studies, student projects",
        "current_activity": "Presentations on digital impression adoption (~10% in Germany)"
      },
      "University Hospital Dresden": {
        "country": "Germany",
        "contact": "Medical faculty",
        "focus": [
          "EndoScan3D project",
          "3D endoscopy for children"
        ],
        "collaboration_potential": "High - medical imaging expertise",
        "current_activity": "Collaboration with Fraunhofer HHI on innovative scanning"
      },
      "Fraunhofer HHI Berlin": {
        "country": "Germany",
        "type": "Research Institute",
        "focus": [
          "3D imaging technology",
          "Optical measurement"
        ],
        "collaboration_potential": "Very High - engineering expertise",
        "current_activity": "EndoScan3D development with Dresden"
      },
      "Fraunhofer IGD": {
        "country": "Germany",
        "locations": [
          "Darmstadt",
          "Rostock"
        ],
        "focus": [
          "Dental imaging analysis",
          "CAD software development"
        ],
        "collaboration_potential": "Very High - exocad birthplace",
        "current_activity": "Dental imaging and AI research"
      },
      "AIT Austrian Institute of Technology": {
        "country": "Austria",
        "location": "Vienna",
        "focus": [
          "Vision, Automation & Control",
          "Optical measurement"
        ],
        "collaboration_potential": "High - open system development",
        "current_activity": "Developed world's smallest IOS with a.tron3d"
      },
      "ETH Zurich": {
        "country": "Switzerland",
        "focus": [
          "Medical technology",
          "Digital workflows"
        ],
        "collaboration_potential": "High - technology innovation",
        "current_activity": "Advanced digital dentistry research"
      },
      "University of Zurich": {
        "country": "Switzerland",
        "focus": [
          "Digital Dentistry Center",
          "CAD/CAM pioneer"
        ],
        "collaboration_potential": "High - early digital adoption",
        "current_activity": "KI integration in dental education"
      }
    },
    "Professional Networks": {
      "DGDOA": {
        "name": "Deutsche Gesellschaft für digitale orale Abformung",
        "country": "Germany",
        "focus": "Digital impression technology",
        "members": "Digital dentistry pioneers from practice, academia, industry",
        "collaboration_potential": "High - access to digital enthusiasts community"
      },
      "Digital Dentistry Society": {
        "name": "DDS",
        "scope": "Global with local chapters",
        "founded": "2014 in Lugano",
        "collaboration_potential": "High - international expert network"
      },
      "IADR": {
        "name": "International Association for Dental Research",
        "focus": [
          "Dental Materials",
          "CAD/CAM sections"
        ],
        "collaboration_potential": "Medium - research publication opportunities"
      }
    },
    "Innovation Clusters": {
      "Medical Valley EMN": {
        "location": "Bavaria, Germany",
        "members": [
          "Siemens Healthineers",
          "Dentsply Sirona",
          "Fraunhofer"
        ],
        "focus": "Medical technology innovation",
        "collaboration_potential": "High - established medtech ecosystem"
      },
      "Life Science Cluster Zurich": {
        "location": "Switzerland",
        "focus": "Life sciences and medical technology",
        "collaboration_potential": "High - proximity to dental companies"
      },
      "Health Tech Cluster Switzerland": {
        "location": "Switzerland",
        "focus": "Health technology innovation",
        "collaboration_potential": "Medium-High - interdisciplinary expertise"
      }
    }
  },
  "support_models": {
    "Technical Support Strategies": {
      "Multi-Level Support": {
        "description": "Combination of online community, documentation, chat, and personal support",
        "examples": [
          "Medit live chat bot",
          "3Shape Academy",
          "Dentsply Sirona Academy"
        ],
        "best_practices": [
          "Proactive support",
          "Remote diagnostics",
          "Automated updates"
        ]
      },
      "Training Programs": {
        "description": "Structured education and certification programs",
        "formats": [
          "E-learning platforms",
          "Hands-on workshops",
          "Train-the-trainer programs"
        ],
        "examples": [
          "3Shape Academy",
          "Medit Academy",
          "Sirona training centers"
        ]
      },
      "Community Forums": {
        "description": "User-to-user support and knowledge sharing",
        "examples": [
          "Medit Users Facebook group (30k+ members)",
          "cerecdoctors.com"
        ],
        "benefits": [
          "Peer learning",
          "Reduced support costs",
          "User loyalty"
        ]
      }
    },
    "Open Source & Ecosystem Strategies": {
      "Open Platforms": {
        "description": "Allowing third-party integrations and applications",
        "examples": [
          "3Shape Unite (1000+ lab partners)",
          "Open STL formats"
        ],
        "benefits": [
          "Ecosystem growth",
          "Partner network",
          "User choice"
        ]
      },
      "Freemium Models": {
        "description": "Basic features free, premium features paid",
        "examples": [
          "Medit free software suite",
          "No annual license fees"
        ],
        "benefits": [
          "Low entry barriers",
          "Community building",
          "Upselling opportunities"
        ]
      },
      "Developer Programs": {
        "description": "SDKs and APIs for partners and developers",
        "examples": [
          "3Shape SDK",
          "Open data formats",
          "App marketplaces"
        ],
        "benefits": [
          "Innovation acceleration",
          "Third-party solutions",
          "Ecosystem value"
        ]
      }
    },
    "Community Building": {
      "User Recognition": {
        "description": "Beta tester programs, ambassador status, early access",
        "examples": [
          "Align KOL program",
          "Community ambassador programs"
        ],
        "benefits": [
          "User engagement",
          "Feedback quality",
          "Word-of-mouth marketing"
        ]
      },
      "Events & Competitions": {
        "description": "Hackathons, user meetings, innovation challenges",
        "examples": [
          "Medit User Group Meetings",
          "Implant Hackathon by coDiagnostiX"
        ],
        "benefits": [
          "Innovation generation",
          "Community bonding",
          "PR opportunities"
        ]
      },
      "Content & Education": {
        "description": "Regular content creation and educational resources",
        "examples": [
          "Monthly Q&A webinars",
          "White papers",
          "Podcast support"
        ],
        "benefits": [
          "Knowledge sharing",
          "Thought leadership",
          "User retention"
        ]
      }
    }
  },
  "strategic_roadmap": {
    "Phase 1: Preparation & Networking (Months 1-6)": {
      "objectives": [
        "Gain visibility",
        "Identify core partners",
        "Initiate pilot projects"
      ],
      "activities": [
        "Presence at IDS 2025 Cologne",
        "Establish Advisory Board with Prof. Wöstmann and Fraunhofer representatives",
        "Pilot partnerships with orangedental and Lexmann",
        "Apply for EU Horizon Europe and national funding"
      ],
      "key_partners": [
        "Acteon",
        "orangedental",
        "Lexmann",
        "Academic advisors"
      ],
      "success_metrics": [
        "3+ signed LOIs",
        "Advisory board established",
        "Funding secured"
      ]
    },
    "Phase 2: Development & Internal Community (Months 6-12)": {
      "objectives": [
        "Complete MVP toolkit",
        "Build internal test community",
        "Secure partnerships"
      ],
      "activities": [
        "Finalize open-source hardware/software kit",
        "Co-engineering with Acteon (optics) and Fraunhofer (algorithms)",
        "Establish online collaboration hub (GitHub, forums)",
        "Train early users and collect feedback"
      ],
      "key_partners": [
        "Development partners",
        "Beta testers",
        "Research institutions"
      ],
      "success_metrics": [
        "MVP completed",
        "10+ beta users",
        "MOUs signed"
      ]
    },
    "Phase 3: Launch & Market Entry (Months 12-18)": {
      "objectives": [
        "Public release",
        "Commercial application",
        "Network expansion"
      ],
      "activities": [
        "Official launch with partner success stories",
        "Distribution agreements with Henry Schein/orangedental",
        "Integration projects with Pearl and DentalTwin",
        "Community marketing and content creation"
      ],
      "key_partners": [
        "Distributors",
        "AI partners",
        "Startups",
        "Media"
      ],
      "success_metrics": [
        "100+ active users",
        "5+ integrations",
        "Media coverage"
      ]
    },
    "Phase 4: Growth & Sustainability (Months 18-24+)": {
      "objectives": [
        "European expansion",
        "Self-sustaining community",
        "Commercial viability"
      ],
      "activities": [
        "Expand to Nordic/Southern Europe",
        "Establish community self-governance",
        "Develop commercial product variants",
        "Innovation challenges and competitions"
      ],
      "key_partners": [
        "European distributors",
        "Community leaders",
        "Commercial partners"
      ],
      "success_metrics": [
        "500+ users",
        "Self-sustaining community",
        "Revenue positive"
      ]
    }
  },
  "metadata": {
    "report_title": "European Intraoral Scanner Market Analysis - DACH Region",
    "focus_region": "DACH (Germany, Austria, Switzerland)",
    "market_size": "8-10% penetration in German practices",
    "growth_rate": "Double-digit growth rates",
    "key_trends": [
      "Digital transformation",
      "Open ecosystems",
      "AI integration",
      "Community-driven innovation"
    ]
  }
}