Channel,Market Reach (%),Segments Reached,Key Providers,Advantages,Challenges
Direct Sales,70,"Large practices, Clinics, Key accounts","Align Technology, Dentsply Sirona","Direct relationship, Higher margins, Control","High costs, Limited reach"
Authorized Distributors,90,"General practices, Small/medium labs","3Shape, Medit, Most manufacturers","Wide reach, Local support, Established networks","Margin pressure, Dependency"
Online Platforms,40,"Price-sensitive customers, Tech-savvy users","Emerging trend, Bedent (Switzerland)","Lower costs, Direct access, Convenience","Limited personal support, Trust issues"
Academic Channels,30,"Students, Researchers, Academic institutions",Most major manufacturers,"Future market development, Research partnerships","Lower volumes, Educational pricing"
Trade Shows & Conferences,50,"All segments, International markets",All manufacturers,"Direct interaction, Product demonstrations","High costs, Limited frequency"
